xla_hlo_op,description,hardware_abstraction_class,class_description,hardware_meaning,in_taidl,taidl_primitives,taidl_statuses,source_url,notes
AllGather,Performs concatenation across replicas.,collective_comm,Cross-core or cross-chip communication and synchronization primitives.,"Maps to network interfaces, collective engines, and interconnect protocols.",False,,,https://openxla.org/xla/operation_semantics#allgather,Current official XLA op section. TAIDL paper states XLA-HLO supports 120+ ops: https://act-compiler.github.io/assets/pdf/taidl-micro25.pdf
AllReduce,Performs a custom computation across replicas.,collective_comm,Cross-core or cross-chip communication and synchronization primitives.,"Maps to network interfaces, collective engines, and interconnect protocols.",False,,,https://openxla.org/xla/operation_semantics#allreduce,Current official XLA op section. TAIDL paper states XLA-HLO supports 120+ ops: https://act-compiler.github.io/assets/pdf/taidl-micro25.pdf
AllToAll,AllToAll is a collective operation that sends data from all cores to all cores. It has two phases:,collective_comm,Cross-core or cross-chip communication and synchronization primitives.,"Maps to network interfaces, collective engines, and interconnect protocols.",False,,,https://openxla.org/xla/operation_semantics#alltoall,Current official XLA op section. TAIDL paper states XLA-HLO supports 120+ ops: https://act-compiler.github.io/assets/pdf/taidl-micro25.pdf
CollectiveBroadcast,"Broadcasts data across replicas. Data is sent from the first replica id in each group to the other ids in the same group. If a replica id is not in any replica group, the output on that replica is a tensor consisting of 0(s) in shape .",collective_comm,Cross-core or cross-chip communication and synchronization primitives.,"Maps to network interfaces, collective engines, and interconnect protocols.",False,,,https://openxla.org/xla/operation_semantics#collectivebroadcast,Current official XLA op section. TAIDL paper states XLA-HLO supports 120+ ops: https://act-compiler.github.io/assets/pdf/taidl-micro25.pdf
CollectivePermute,CollectivePermute is a collective operation that sends and receives data across replicas.,collective_comm,Cross-core or cross-chip communication and synchronization primitives.,"Maps to network interfaces, collective engines, and interconnect protocols.",False,,,https://openxla.org/xla/operation_semantics#collectivepermute,Current official XLA op section. TAIDL paper states XLA-HLO supports 120+ ops: https://act-compiler.github.io/assets/pdf/taidl-micro25.pdf
PartitionID,Produces partition_id of the current process.,collective_comm,Cross-core or cross-chip communication and synchronization primitives.,"Maps to network interfaces, collective engines, and interconnect protocols.",False,,,https://openxla.org/xla/operation_semantics#partitionid,Current official XLA op section. TAIDL paper states XLA-HLO supports 120+ ops: https://act-compiler.github.io/assets/pdf/taidl-micro25.pdf
ReplicaId,Returns the unique ID (U32 scalar) of the replica.,collective_comm,Cross-core or cross-chip communication and synchronization primitives.,"Maps to network interfaces, collective engines, and interconnect protocols.",False,,,https://openxla.org/xla/operation_semantics#replicaid,Current official XLA op section. TAIDL paper states XLA-HLO supports 120+ ops: https://act-compiler.github.io/assets/pdf/taidl-micro25.pdf
ConcatInDim (Concatenate),Concatenate composes an array from multiple array operands. The array has the same number of dimensions as each of the input array operands (which must have the same number of dimensions as each other) and contains the arguments in the order that they were specified.,contiguous_move,"Regular, structured tensor movement with predictable contiguous or affine address patterns.","Typically mapped to DMA engines, tensor movers, or scratchpad interconnect paths.",True,concatenate,standard_xla,https://openxla.org/xla/operation_semantics#concatindim_concatenate,Current official XLA op section. TAIDL paper states XLA-HLO supports 120+ ops: https://act-compiler.github.io/assets/pdf/taidl-micro25.pdf
Copy,"Copy is internally decomposed into 2 HLO instructions CopyStart and CopyDone . Copy along with CopyStart and CopyDone serve as primitives in HLO. These ops may appear in HLO dumps, but they are not intended to be constructed manually by end users.",contiguous_move,"Regular, structured tensor movement with predictable contiguous or affine address patterns.","Typically mapped to DMA engines, tensor movers, or scratchpad interconnect paths.",True,copy,hlo_only,https://openxla.org/xla/operation_semantics#copy,Current official XLA op section. TAIDL paper states XLA-HLO supports 120+ ops: https://act-compiler.github.io/assets/pdf/taidl-micro25.pdf
DynamicUpdateSlice,"DynamicUpdateSlice generates a result which is the value of the input array operand , with a slice update overwritten at start_indices . The shape of update determines the shape of the sub-array of the result which is updated. The shape of start_indices must be 1-dimensional, with dimension size equal to the number of dimensions of operand .",contiguous_move,"Regular, structured tensor movement with predictable contiguous or affine address patterns.","Typically mapped to DMA engines, tensor movers, or scratchpad interconnect paths.",True,dynamic_update_slice,standard_xla,https://openxla.org/xla/operation_semantics#dynamicupdateslice,Current official XLA op section. TAIDL paper states XLA-HLO supports 120+ ops: https://act-compiler.github.io/assets/pdf/taidl-micro25.pdf
Pad,Expands the given operand array by padding around the array as well as between the elements of the array with the given padding_value . padding_config specifies the amount of edge padding and the interior padding for each dimension.,contiguous_move,"Regular, structured tensor movement with predictable contiguous or affine address patterns.","Typically mapped to DMA engines, tensor movers, or scratchpad interconnect paths.",False,,,https://openxla.org/xla/operation_semantics#pad,Current official XLA op section. TAIDL paper states XLA-HLO supports 120+ ops: https://act-compiler.github.io/assets/pdf/taidl-micro25.pdf
Rev (reverse),"Reverses the order of elements in the operand array along the specified dimensions , generating an output array of the same shape. Each element of the operand array at a multidimensional index is stored into the output array at a transformed index. The multidimensional index is transformed by reversing the index in each dimension to be reversed (i.e., if a dimension of size N is one of the reversing dimensions, its index i is transformed into N - 1 - i).",contiguous_move,"Regular, structured tensor movement with predictable contiguous or affine address patterns.","Typically mapped to DMA engines, tensor movers, or scratchpad interconnect paths.",False,,,https://openxla.org/xla/operation_semantics#rev_reverse,Current official XLA op section. TAIDL paper states XLA-HLO supports 120+ ops: https://act-compiler.github.io/assets/pdf/taidl-micro25.pdf
Slice,Slicing extracts a sub-array from the input array. The sub-array has the same number of dimensions as the input and contains the values inside a bounding box within the input array where the dimensions and indices of the bounding box are given as arguments to the slice operation.,contiguous_move,"Regular, structured tensor movement with predictable contiguous or affine address patterns.","Typically mapped to DMA engines, tensor movers, or scratchpad interconnect paths.",True,slice,standard_xla,https://openxla.org/xla/operation_semantics#slice,Current official XLA op section. TAIDL paper states XLA-HLO supports 120+ ops: https://act-compiler.github.io/assets/pdf/taidl-micro25.pdf
Transpose,"Permutes the operand dimensions with the given permutation, so ∀ i . 0 ≤ i < number of dimensions ⇒ input_dimensions[permutation[i]] = output_dimensions[i] .",contiguous_move,"Regular, structured tensor movement with predictable contiguous or affine address patterns.","Typically mapped to DMA engines, tensor movers, or scratchpad interconnect paths.",True,transpose,standard_xla,https://openxla.org/xla/operation_semantics#transpose,Current official XLA op section. TAIDL paper states XLA-HLO supports 120+ ops: https://act-compiler.github.io/assets/pdf/taidl-micro25.pdf
AddDependency,"AddDependency may appear in HLO dumps, but they are not intended to be constructed manually by end users.",control_runtime,"Control flow, token/order management, runtime dispatch, or compiler/runtime structure ops.","Handled by scalar/control processors, sequencers, or runtime support rather than bulk data engines.",False,,,https://openxla.org/xla/operation_semantics#adddependency,Current official XLA op section. TAIDL paper states XLA-HLO supports 120+ ops: https://act-compiler.github.io/assets/pdf/taidl-micro25.pdf
AfterAll,AfterAll takes a variadic number of tokens and produces a single token. Tokens are primitive types which can be threaded between side-effecting operations to enforce ordering. AfterAll can be used as a join of tokens for ordering an operation after a set of operations.,control_runtime,"Control flow, token/order management, runtime dispatch, or compiler/runtime structure ops.","Handled by scalar/control processors, sequencers, or runtime support rather than bulk data engines.",False,,,https://openxla.org/xla/operation_semantics#afterall,Current official XLA op section. TAIDL paper states XLA-HLO supports 120+ ops: https://act-compiler.github.io/assets/pdf/taidl-micro25.pdf
Async,"AsyncDone , AsyncStart , and AsyncUpdate are internal HLO instructions used for Asynchronous operations and serve as primitives in HLO. These ops may appear in HLO dumps but they are not intended to be constructed manually by end users.",control_runtime,"Control flow, token/order management, runtime dispatch, or compiler/runtime structure ops.","Handled by scalar/control processors, sequencers, or runtime support rather than bulk data engines.",False,,,https://openxla.org/xla/operation_semantics#async,Current official XLA op section. TAIDL paper states XLA-HLO supports 120+ ops: https://act-compiler.github.io/assets/pdf/taidl-micro25.pdf
Call,Invokes a computation with the given arguments.,control_runtime,"Control flow, token/order management, runtime dispatch, or compiler/runtime structure ops.","Handled by scalar/control processors, sequencers, or runtime support rather than bulk data engines.",False,,,https://openxla.org/xla/operation_semantics#call,Current official XLA op section. TAIDL paper states XLA-HLO supports 120+ ops: https://act-compiler.github.io/assets/pdf/taidl-micro25.pdf
Conditional,"Executes true_computation if predicate is true , false_computation if predicate is false , and returns the result.",control_runtime,"Control flow, token/order management, runtime dispatch, or compiler/runtime structure ops.","Handled by scalar/control processors, sequencers, or runtime support rather than bulk data engines.",False,,,https://openxla.org/xla/operation_semantics#conditional,Current official XLA op section. TAIDL paper states XLA-HLO supports 120+ ops: https://act-compiler.github.io/assets/pdf/taidl-micro25.pdf
CustomCall,Call a user-provided function within a computation.,control_runtime,"Control flow, token/order management, runtime dispatch, or compiler/runtime structure ops.","Handled by scalar/control processors, sequencers, or runtime support rather than bulk data engines.",False,,,https://openxla.org/xla/operation_semantics#customcall,Current official XLA op section. TAIDL paper states XLA-HLO supports 120+ ops: https://act-compiler.github.io/assets/pdf/taidl-micro25.pdf
Domain,"Domain may appear in HLO dumps, but it is not intended to be constructed manually by end users.",control_runtime,"Control flow, token/order management, runtime dispatch, or compiler/runtime structure ops.","Handled by scalar/control processors, sequencers, or runtime support rather than bulk data engines.",False,,,https://openxla.org/xla/operation_semantics#domain,Current official XLA op section. TAIDL paper states XLA-HLO supports 120+ ops: https://act-compiler.github.io/assets/pdf/taidl-micro25.pdf
Fusion,Fusion operation represents HLO instructions and serves as a primitive in HLO. This op may appear in HLO dumps but is not intended to be constructed manually by end users.,control_runtime,"Control flow, token/order management, runtime dispatch, or compiler/runtime structure ops.","Handled by scalar/control processors, sequencers, or runtime support rather than bulk data engines.",False,,,https://openxla.org/xla/operation_semantics#fusion,Current official XLA op section. TAIDL paper states XLA-HLO supports 120+ ops: https://act-compiler.github.io/assets/pdf/taidl-micro25.pdf
Map,"Applies a scalar function over the given operands arrays, producing an array of the same dimensions where each element is the result of the mapped function applied to the corresponding elements in the input arrays.",control_runtime,"Control flow, token/order management, runtime dispatch, or compiler/runtime structure ops.","Handled by scalar/control processors, sequencers, or runtime support rather than bulk data engines.",False,,,https://openxla.org/xla/operation_semantics#map,Current official XLA op section. TAIDL paper states XLA-HLO supports 120+ ops: https://act-compiler.github.io/assets/pdf/taidl-micro25.pdf
OptimizationBarrier,Blocks any optimization pass from moving computations across the barrier.,control_runtime,"Control flow, token/order management, runtime dispatch, or compiler/runtime structure ops.","Handled by scalar/control processors, sequencers, or runtime support rather than bulk data engines.",False,,,https://openxla.org/xla/operation_semantics#optimizationbarrier,Current official XLA op section. TAIDL paper states XLA-HLO supports 120+ ops: https://act-compiler.github.io/assets/pdf/taidl-micro25.pdf
While,Sequentially executes the body until the condition fails. This is similar to a typical while loop in many other languages except for the differences and restrictions listed below.,control_runtime,"Control flow, token/order management, runtime dispatch, or compiler/runtime structure ops.","Handled by scalar/control processors, sequencers, or runtime support rather than bulk data engines.",False,,,https://openxla.org/xla/operation_semantics#while,Current official XLA op section. TAIDL paper states XLA-HLO supports 120+ ops: https://act-compiler.github.io/assets/pdf/taidl-micro25.pdf
DynamicSlice,"DynamicSlice extracts a sub-array from the input array at dynamic start_indices . The size of the slice in each dimension is passed in size_indices , which specify the end point of exclusive slice intervals in each dimension: [start, start + size). The shape of start_indices must be 1-dimensional, with dimension size equal to the number of dimensions of operand .",indexed_move,Indirect or data-dependent movement where addresses are computed from indices rather than simple affine ranges.,"Requires AGUs, gather/scatter hardware, or more capable memory-side engines than plain DMA.",False,,,https://openxla.org/xla/operation_semantics#dynamicslice,Current official XLA op section. TAIDL paper states XLA-HLO supports 120+ ops: https://act-compiler.github.io/assets/pdf/taidl-micro25.pdf
Gather,The XLA gather operation stitches together several slices (each slice at a potentially different runtime offset) of an input array.,indexed_move,Indirect or data-dependent movement where addresses are computed from indices rather than simple affine ranges.,"Requires AGUs, gather/scatter hardware, or more capable memory-side engines than plain DMA.",False,,,https://openxla.org/xla/operation_semantics#gather,Current official XLA op section. TAIDL paper states XLA-HLO supports 120+ ops: https://act-compiler.github.io/assets/pdf/taidl-micro25.pdf
Scatter,"The XLA scatter operation generates a sequence of results which are the values of the input array operands , with several slices (at indices specified by scatter_indices ) updated with the sequence of values in updates using update_computation .",indexed_move,Indirect or data-dependent movement where addresses are computed from indices rather than simple affine ranges.,"Requires AGUs, gather/scatter hardware, or more capable memory-side engines than plain DMA.",False,,,https://openxla.org/xla/operation_semantics#scatter,Current official XLA op section. TAIDL paper states XLA-HLO supports 120+ ops: https://act-compiler.github.io/assets/pdf/taidl-micro25.pdf
Sort,If only one operand is provided:,indexed_move,Indirect or data-dependent movement where addresses are computed from indices rather than simple affine ranges.,"Requires AGUs, gather/scatter hardware, or more capable memory-side engines than plain DMA.",False,,,https://openxla.org/xla/operation_semantics#sort,Current official XLA op section. TAIDL paper states XLA-HLO supports 120+ ops: https://act-compiler.github.io/assets/pdf/taidl-micro25.pdf
Constant,Produces an output from a constant literal .,input_literal,"Program inputs, constants, and literal values entering the dataflow.",Represents sources/sinks of data rather than active compute.,True,constant,standard_xla,https://openxla.org/xla/operation_semantics#constant,Current official XLA op section. TAIDL paper states XLA-HLO supports 120+ ops: https://act-compiler.github.io/assets/pdf/taidl-micro25.pdf
Parameter,Parameter represents an argument input to a computation.,input_literal,"Program inputs, constants, and literal values entering the dataflow.",Represents sources/sinks of data rather than active compute.,True,parameter,hlo_only,https://openxla.org/xla/operation_semantics#parameter,Current official XLA op section. TAIDL paper states XLA-HLO supports 120+ ops: https://act-compiler.github.io/assets/pdf/taidl-micro25.pdf
Infeed,"Reads a single data item from the implicit Infeed streaming interface of the device, interpreting the data as the given shape and its layout, and returns a XlaOp of the data. Multiple Infeed operations are allowed in a computation, but there must be a total order among the Infeed operations. For example, two Infeed 's in the code below have a total order since there is a dependency between the while loops.",io_transfer,Explicit input/output transfer between accelerator and external environment.,"Typically serviced by IO fabrics, host interfaces, or DMA/control paths.",False,,,https://openxla.org/xla/operation_semantics#infeed,Current official XLA op section. TAIDL paper states XLA-HLO supports 120+ ops: https://act-compiler.github.io/assets/pdf/taidl-micro25.pdf
Outfeed,Writes inputs to the outfeed.,io_transfer,Explicit input/output transfer between accelerator and external environment.,"Typically serviced by IO fabrics, host interfaces, or DMA/control paths.",False,,,https://openxla.org/xla/operation_semantics#outfeed,Current official XLA op section. TAIDL paper states XLA-HLO supports 120+ ops: https://act-compiler.github.io/assets/pdf/taidl-micro25.pdf
Recv,"Recv , RecvWithTokens , and RecvToHost are operations that serve as communication primitives in HLO. These ops typically appear in HLO dumps as part of low-level input/output or cross-device transfer, but they are not intended to be constructed manually by end users.",io_transfer,Explicit input/output transfer between accelerator and external environment.,"Typically serviced by IO fabrics, host interfaces, or DMA/control paths.",False,,,https://openxla.org/xla/operation_semantics#recv,Current official XLA op section. TAIDL paper states XLA-HLO supports 120+ ops: https://act-compiler.github.io/assets/pdf/taidl-micro25.pdf
Send,"Send , SendWithTokens , and SendToHost are operations that serve as communication primitives in HLO. These ops typically appear in HLO dumps as part of low-level input/output or cross-device transfer, but they are not intended to be constructed manually by end users.",io_transfer,Explicit input/output transfer between accelerator and external environment.,"Typically serviced by IO fabrics, host interfaces, or DMA/control paths.",False,,,https://openxla.org/xla/operation_semantics#send,Current official XLA op section. TAIDL paper states XLA-HLO supports 120+ ops: https://act-compiler.github.io/assets/pdf/taidl-micro25.pdf
Bitcast,"Bitcast may appear in HLO dumps, but they are not intended to be constructed manually by end users.",logical_view,"Logical or view-level tensor reinterpretation. These ops usually change shape, type view, or layout description without necessarily moving data.","Usually handled by compiler/runtime metadata, address interpretation, or lightweight scalar/control logic unless later materialized.",False,,,https://openxla.org/xla/operation_semantics#bitcast,Current official XLA op section. TAIDL paper states XLA-HLO supports 120+ ops: https://act-compiler.github.io/assets/pdf/taidl-micro25.pdf
BitcastConvertType,"Similar to a tf.bitcast in TensorFlow, performs an element-wise bitcast operation from a data shape to a target shape. The input and output size must match: e.g. s32 elements become f32 elements via bitcast routine, and one s32 element will become four s8 elements. Bitcast is implemented as a low-level cast, so machines with different floating-point representations will give different results.",logical_view,"Logical or view-level tensor reinterpretation. These ops usually change shape, type view, or layout description without necessarily moving data.","Usually handled by compiler/runtime metadata, address interpretation, or lightweight scalar/control logic unless later materialized.",True,bitcast_convert,taidl_alias,https://openxla.org/xla/operation_semantics#bitcastconverttype,Current official XLA op section. TAIDL paper states XLA-HLO supports 120+ ops: https://act-compiler.github.io/assets/pdf/taidl-micro25.pdf
Broadcast,Adds dimensions to an array by duplicating the data in the array.,logical_view,"Logical or view-level tensor reinterpretation. These ops usually change shape, type view, or layout description without necessarily moving data.","Usually handled by compiler/runtime metadata, address interpretation, or lightweight scalar/control logic unless later materialized.",True,broadcast,standard_xla,https://openxla.org/xla/operation_semantics#broadcast,Current official XLA op section. TAIDL paper states XLA-HLO supports 120+ ops: https://act-compiler.github.io/assets/pdf/taidl-micro25.pdf
Collapse,Collapses dimensions of an array into one dimension.,logical_view,"Logical or view-level tensor reinterpretation. These ops usually change shape, type view, or layout description without necessarily moving data.","Usually handled by compiler/runtime metadata, address interpretation, or lightweight scalar/control logic unless later materialized.",False,,,https://openxla.org/xla/operation_semantics#collapse,Current official XLA op section. TAIDL paper states XLA-HLO supports 120+ ops: https://act-compiler.github.io/assets/pdf/taidl-micro25.pdf
ConvertElementType,"Similar to an element-wise static_cast in C++, ConvertElementType performs an element-wise conversion operation from a data shape to a target shape. The dimensions must match, and the conversion is an element-wise one; e.g. s32 elements become f32 elements via an s32 -to- f32 conversion routine.",logical_view,"Logical or view-level tensor reinterpretation. These ops usually change shape, type view, or layout description without necessarily moving data.","Usually handled by compiler/runtime metadata, address interpretation, or lightweight scalar/control logic unless later materialized.",True,convert,standard_xla,https://openxla.org/xla/operation_semantics#convertelementtype,Current official XLA op section. TAIDL paper states XLA-HLO supports 120+ ops: https://act-compiler.github.io/assets/pdf/taidl-micro25.pdf
DynamicReshape,"This operation is functionally identical to reshape , but the result shape is specified dynamically via output_shape.",logical_view,"Logical or view-level tensor reinterpretation. These ops usually change shape, type view, or layout description without necessarily moving data.","Usually handled by compiler/runtime metadata, address interpretation, or lightweight scalar/control logic unless later materialized.",False,,,https://openxla.org/xla/operation_semantics#dynamicreshape,Current official XLA op section. TAIDL paper states XLA-HLO supports 120+ ops: https://act-compiler.github.io/assets/pdf/taidl-micro25.pdf
GetDimensionSize,Returns the size of the given dimension of the operand. The operand must be array shaped.,logical_view,"Logical or view-level tensor reinterpretation. These ops usually change shape, type view, or layout description without necessarily moving data.","Usually handled by compiler/runtime metadata, address interpretation, or lightweight scalar/control logic unless later materialized.",False,,,https://openxla.org/xla/operation_semantics#getdimensionsize,Current official XLA op section. TAIDL paper states XLA-HLO supports 120+ ops: https://act-compiler.github.io/assets/pdf/taidl-micro25.pdf
Iota,"Builds a constant literal on device rather than a potentially large host transfer. Creates an array that has specified shape and holds values starting at zero and incrementing by one along the specified dimension. For floating-point types, the produced array is equivalent to ConvertElementType(Iota(...)) where the Iota is of integral type and the conversion is to the floating-point type.",logical_view,"Logical or view-level tensor reinterpretation. These ops usually change shape, type view, or layout description without necessarily moving data.","Usually handled by compiler/runtime metadata, address interpretation, or lightweight scalar/control logic unless later materialized.",False,,,https://openxla.org/xla/operation_semantics#iota,Current official XLA op section. TAIDL paper states XLA-HLO supports 120+ ops: https://act-compiler.github.io/assets/pdf/taidl-micro25.pdf
Reshape,Reshapes the dimensions of an array into a new configuration.,logical_view,"Logical or view-level tensor reinterpretation. These ops usually change shape, type view, or layout description without necessarily moving data.","Usually handled by compiler/runtime metadata, address interpretation, or lightweight scalar/control logic unless later materialized.",True,reshape,standard_xla,https://openxla.org/xla/operation_semantics#reshape,Current official XLA op section. TAIDL paper states XLA-HLO supports 120+ ops: https://act-compiler.github.io/assets/pdf/taidl-micro25.pdf
SetDimensionSize,Sets the dynamic size of XlaOp's given dimension. The operand must be array shaped.,logical_view,"Logical or view-level tensor reinterpretation. These ops usually change shape, type view, or layout description without necessarily moving data.","Usually handled by compiler/runtime metadata, address interpretation, or lightweight scalar/control logic unless later materialized.",False,,,https://openxla.org/xla/operation_semantics#setdimensionsize,Current official XLA op section. TAIDL paper states XLA-HLO supports 120+ ops: https://act-compiler.github.io/assets/pdf/taidl-micro25.pdf
Clamp,Clamps an operand to within the range between a minimum and maximum value.,predication_select,"Comparison, masking, clamping, and selection logic.",Usually implemented in vector ALUs with predicate support or small dedicated compare/select logic.,False,,,https://openxla.org/xla/operation_semantics#clamp,Current official XLA op section. TAIDL paper states XLA-HLO supports 120+ ops: https://act-compiler.github.io/assets/pdf/taidl-micro25.pdf
Compare,Performs element-wise comparison of lhs and rhs of the following:,predication_select,"Comparison, masking, clamping, and selection logic.",Usually implemented in vector ALUs with predicate support or small dedicated compare/select logic.,False,,,https://openxla.org/xla/operation_semantics#compare,Current official XLA op section. TAIDL paper states XLA-HLO supports 120+ ops: https://act-compiler.github.io/assets/pdf/taidl-micro25.pdf
Select,"Constructs an output array from elements of two input arrays, based on the values of a predicate array.",predication_select,"Comparison, masking, clamping, and selection logic.",Usually implemented in vector ALUs with predicate support or small dedicated compare/select logic.,True,select_eq_var|select_lt,taidl_composite_helper,https://openxla.org/xla/operation_semantics#select,Current official XLA op section. TAIDL paper states XLA-HLO supports 120+ ops: https://act-compiler.github.io/assets/pdf/taidl-micro25.pdf
SelectAndScatter,"This operation can be considered as a composite operation that first computes ReduceWindow on the operand array to select an element from each window, and then scatters the source array to the indices of the selected elements to construct an output array with the same shape as the operand array. The binary select function is used to select an element from each window by applying it across each window, and it is called with the property that the first parameter's index vector is lexicographically less than the second parameter's index vector. The select function returns true if the first parameter is selected and returns false if the second parameter is selected, and the function must hold transitivity (i.e., if select(a, b) and select(b, c) are true , then select(a, c) is also true ) so that the selected element does not depend on the order of the elements traversed for a given window.",predication_select,"Comparison, masking, clamping, and selection logic.",Usually implemented in vector ALUs with predicate support or small dedicated compare/select logic.,False,,,https://openxla.org/xla/operation_semantics#selectandscatter,Current official XLA op section. TAIDL paper states XLA-HLO supports 120+ ops: https://act-compiler.github.io/assets/pdf/taidl-micro25.pdf
RngBitGenerator,Generates an output with a given shape filled with uniform random bits using the specified algorithm (or backend default) and returns an updated state (with the same shape as initial state) and the generated random data.,random_generation,Random-number generation or RNG state manipulation.,Requires RNG engines or specialized scalar/vector support.,False,,,https://openxla.org/xla/operation_semantics#rngbitgenerator,Current official XLA op section. TAIDL paper states XLA-HLO supports 120+ ops: https://act-compiler.github.io/assets/pdf/taidl-micro25.pdf
RngGetAndUpdateState,The API of the various Rng operations are internally decomposed into HLO instructions including RngGetAndUpdateState .,random_generation,Random-number generation or RNG state manipulation.,Requires RNG engines or specialized scalar/vector support.,False,,,https://openxla.org/xla/operation_semantics#rnggetandupdatestate,Current official XLA op section. TAIDL paper states XLA-HLO supports 120+ ops: https://act-compiler.github.io/assets/pdf/taidl-micro25.pdf
RngNormal,"Constructs an output of a given shape with random numbers generated following the \(N(\mu, \sigma)\) normal distribution. The parameters \(\mu\) and \(\sigma\), and output shape have to have a floating point elemental type. The parameters furthermore have to be scalar valued.",random_generation,Random-number generation or RNG state manipulation.,Requires RNG engines or specialized scalar/vector support.,False,,,https://openxla.org/xla/operation_semantics#rngnormal,Current official XLA op section. TAIDL paper states XLA-HLO supports 120+ ops: https://act-compiler.github.io/assets/pdf/taidl-micro25.pdf
RngUniform,"Constructs an output of a given shape with random numbers generated following the uniform distribution over the interval \([a,b)\). The parameters and output element type have to be a boolean type, an integral type or a floating point types, and the types have to be consistent. The CPU and GPU backends currently only support F64, F32, F16, BF16, S64, U64, S32 and U32. Furthermore, the parameters need to be scalar valued. If \(b <= a\) the result is implementation-defined.",random_generation,Random-number generation or RNG state manipulation.,Requires RNG engines or specialized scalar/vector support.,False,,,https://openxla.org/xla/operation_semantics#rnguniform,Current official XLA op section. TAIDL paper states XLA-HLO supports 120+ ops: https://act-compiler.github.io/assets/pdf/taidl-micro25.pdf
Reduce,Applies a reduction function to one or more arrays in parallel.,reduction,"Ops that combine many values into fewer values, including windowed or associative aggregations.","Typically handled by reduction trees, vector reduction hardware, or decomposed tensor engines depending on the pattern.",True,reduce|reduce_add,standard_xla|taidl_alias,https://openxla.org/xla/operation_semantics#reduce,Current official XLA op section. TAIDL paper states XLA-HLO supports 120+ ops: https://act-compiler.github.io/assets/pdf/taidl-micro25.pdf
ReducePrecision,"Models the effect of converting floating-point values to a lower-precision format (such as IEEE-FP16) and back to the original format. The number of exponent and mantissa bits in the lower-precision format can be specified arbitrarily, although all bit sizes may not be supported on all hardware implementations.",reduction,"Ops that combine many values into fewer values, including windowed or associative aggregations.","Typically handled by reduction trees, vector reduction hardware, or decomposed tensor engines depending on the pattern.",False,,,https://openxla.org/xla/operation_semantics#reduceprecision,Current official XLA op section. TAIDL paper states XLA-HLO supports 120+ ops: https://act-compiler.github.io/assets/pdf/taidl-micro25.pdf
ReduceScatter,ReduceScatter is a collective operation that effectively does an AllReduce and then scatters the result by splitting it into shard_count blocks along the scatter_dimension and replica i in the replica group receives the ith shard.,reduction,"Ops that combine many values into fewer values, including windowed or associative aggregations.","Typically handled by reduction trees, vector reduction hardware, or decomposed tensor engines depending on the pattern.",False,,,https://openxla.org/xla/operation_semantics#reducescatter,Current official XLA op section. TAIDL paper states XLA-HLO supports 120+ ops: https://act-compiler.github.io/assets/pdf/taidl-micro25.pdf
ReduceWindow,"Applies a reduction function to all elements in each window of a sequence of N multi-dimensional arrays, producing a single or a tuple of N multi-dimensional arrays as output. Each output array has the same number of elements as the number of valid positions of the window. A pooling layer can be expressed as a ReduceWindow . Similar to Reduce , the applied computation is always passed the init_values on the left-hand side.",reduction,"Ops that combine many values into fewer values, including windowed or associative aggregations.","Typically handled by reduction trees, vector reduction hardware, or decomposed tensor engines depending on the pattern.",False,,,https://openxla.org/xla/operation_semantics#reducewindow,Current official XLA op section. TAIDL paper states XLA-HLO supports 120+ ops: https://act-compiler.github.io/assets/pdf/taidl-micro25.pdf
Scan,"Applies a reduction function to an array across a given dimension, producing a final state and an array of intermediate values.",reduction,"Ops that combine many values into fewer values, including windowed or associative aggregations.","Typically handled by reduction trees, vector reduction hardware, or decomposed tensor engines depending on the pattern.",False,,,https://openxla.org/xla/operation_semantics#scan,Current official XLA op section. TAIDL paper states XLA-HLO supports 120+ ops: https://act-compiler.github.io/assets/pdf/taidl-micro25.pdf
TopK,TopK finds the values and indices of the k largest or smallest elements for the last dimension of the given tensor.,reduction,"Ops that combine many values into fewer values, including windowed or associative aggregations.","Typically handled by reduction trees, vector reduction hardware, or decomposed tensor engines depending on the pattern.",False,,,https://openxla.org/xla/operation_semantics#topk,Current official XLA op section. TAIDL paper states XLA-HLO supports 120+ ops: https://act-compiler.github.io/assets/pdf/taidl-micro25.pdf
Abs,Element-wise abs x -> |x| .,special_math,Elementwise nonlinear or transcendental math operations.,"Often executed on SFUs, LUT/CORDIC blocks, or specialized vector math pipelines.",False,,,https://openxla.org/xla/operation_semantics#abs,Current official XLA op section. TAIDL paper states XLA-HLO supports 120+ ops: https://act-compiler.github.io/assets/pdf/taidl-micro25.pdf
Cbrt,Element-wise cubic root operation x -> cbrt(x) .,special_math,Elementwise nonlinear or transcendental math operations.,"Often executed on SFUs, LUT/CORDIC blocks, or specialized vector math pipelines.",False,,,https://openxla.org/xla/operation_semantics#cbrt,Current official XLA op section. TAIDL paper states XLA-HLO supports 120+ ops: https://act-compiler.github.io/assets/pdf/taidl-micro25.pdf
Ceil,Element-wise ceil x -> ⌈x⌉ .,special_math,Elementwise nonlinear or transcendental math operations.,"Often executed on SFUs, LUT/CORDIC blocks, or specialized vector math pipelines.",False,,,https://openxla.org/xla/operation_semantics#ceil,Current official XLA op section. TAIDL paper states XLA-HLO supports 120+ ops: https://act-compiler.github.io/assets/pdf/taidl-micro25.pdf
Clz,Element-wise count leading zeros.,special_math,Elementwise nonlinear or transcendental math operations.,"Often executed on SFUs, LUT/CORDIC blocks, or specialized vector math pipelines.",False,,,https://openxla.org/xla/operation_semantics#clz,Current official XLA op section. TAIDL paper states XLA-HLO supports 120+ ops: https://act-compiler.github.io/assets/pdf/taidl-micro25.pdf
Cos,Element-wise cosine x -> cos(x) .,special_math,Elementwise nonlinear or transcendental math operations.,"Often executed on SFUs, LUT/CORDIC blocks, or specialized vector math pipelines.",False,,,https://openxla.org/xla/operation_semantics#cos,Current official XLA op section. TAIDL paper states XLA-HLO supports 120+ ops: https://act-compiler.github.io/assets/pdf/taidl-micro25.pdf
Cosh,Element-wise hyperbolic cosine x -> cosh(x) .,special_math,Elementwise nonlinear or transcendental math operations.,"Often executed on SFUs, LUT/CORDIC blocks, or specialized vector math pipelines.",False,,,https://openxla.org/xla/operation_semantics#cosh,Current official XLA op section. TAIDL paper states XLA-HLO supports 120+ ops: https://act-compiler.github.io/assets/pdf/taidl-micro25.pdf
Erf,Element-wise error function x -> erf(x) where:,special_math,Elementwise nonlinear or transcendental math operations.,"Often executed on SFUs, LUT/CORDIC blocks, or specialized vector math pipelines.",False,,,https://openxla.org/xla/operation_semantics#erf,Current official XLA op section. TAIDL paper states XLA-HLO supports 120+ ops: https://act-compiler.github.io/assets/pdf/taidl-micro25.pdf
Exp,Element-wise natural exponential x -> e^x .,special_math,Elementwise nonlinear or transcendental math operations.,"Often executed on SFUs, LUT/CORDIC blocks, or specialized vector math pipelines.",True,exp|exponential,standard_xla|taidl_alias,https://openxla.org/xla/operation_semantics#exp,Current official XLA op section. TAIDL paper states XLA-HLO supports 120+ ops: https://act-compiler.github.io/assets/pdf/taidl-micro25.pdf
Expm1,Element-wise natural exponential minus one x -> e^x - 1 .,special_math,Elementwise nonlinear or transcendental math operations.,"Often executed on SFUs, LUT/CORDIC blocks, or specialized vector math pipelines.",False,,,https://openxla.org/xla/operation_semantics#expm1,Current official XLA op section. TAIDL paper states XLA-HLO supports 120+ ops: https://act-compiler.github.io/assets/pdf/taidl-micro25.pdf
Floor,Element-wise floor x -> ⌊x⌋ .,special_math,Elementwise nonlinear or transcendental math operations.,"Often executed on SFUs, LUT/CORDIC blocks, or specialized vector math pipelines.",False,,,https://openxla.org/xla/operation_semantics#floor,Current official XLA op section. TAIDL paper states XLA-HLO supports 120+ ops: https://act-compiler.github.io/assets/pdf/taidl-micro25.pdf
Imag,"Element-wise imaginary part of a complex (or real) shape. x -> imag(x) . If the operand is a floating point type, returns 0.",special_math,Elementwise nonlinear or transcendental math operations.,"Often executed on SFUs, LUT/CORDIC blocks, or specialized vector math pipelines.",False,,,https://openxla.org/xla/operation_semantics#imag,Current official XLA op section. TAIDL paper states XLA-HLO supports 120+ ops: https://act-compiler.github.io/assets/pdf/taidl-micro25.pdf
IsFinite,"Tests whether each element of operand is finite, i.e., is not positive or negative infinity, and is not NaN . Returns an array of PRED values with the same shape as the input, where each element is true if and only if the corresponding input element is finite.",special_math,Elementwise nonlinear or transcendental math operations.,"Often executed on SFUs, LUT/CORDIC blocks, or specialized vector math pipelines.",False,,,https://openxla.org/xla/operation_semantics#isfinite,Current official XLA op section. TAIDL paper states XLA-HLO supports 120+ ops: https://act-compiler.github.io/assets/pdf/taidl-micro25.pdf
Log,Element-wise natural logarithm x -> ln(x) .,special_math,Elementwise nonlinear or transcendental math operations.,"Often executed on SFUs, LUT/CORDIC blocks, or specialized vector math pipelines.",False,,,https://openxla.org/xla/operation_semantics#log,Current official XLA op section. TAIDL paper states XLA-HLO supports 120+ ops: https://act-compiler.github.io/assets/pdf/taidl-micro25.pdf
Log1p,Element-wise shifted natural logarithm x -> ln(1+x) .,special_math,Elementwise nonlinear or transcendental math operations.,"Often executed on SFUs, LUT/CORDIC blocks, or specialized vector math pipelines.",False,,,https://openxla.org/xla/operation_semantics#log1p,Current official XLA op section. TAIDL paper states XLA-HLO supports 120+ ops: https://act-compiler.github.io/assets/pdf/taidl-micro25.pdf
Logistic,Element-wise logistic function computation x -> logistic(x) .,special_math,Elementwise nonlinear or transcendental math operations.,"Often executed on SFUs, LUT/CORDIC blocks, or specialized vector math pipelines.",False,,,https://openxla.org/xla/operation_semantics#logistic,Current official XLA op section. TAIDL paper states XLA-HLO supports 120+ ops: https://act-compiler.github.io/assets/pdf/taidl-micro25.pdf
Neg,Element-wise negation x -> -x .,special_math,Elementwise nonlinear or transcendental math operations.,"Often executed on SFUs, LUT/CORDIC blocks, or specialized vector math pipelines.",False,,,https://openxla.org/xla/operation_semantics#neg,Current official XLA op section. TAIDL paper states XLA-HLO supports 120+ ops: https://act-compiler.github.io/assets/pdf/taidl-micro25.pdf
Not,Element-wise logical not x -> !(x) .,special_math,Elementwise nonlinear or transcendental math operations.,"Often executed on SFUs, LUT/CORDIC blocks, or specialized vector math pipelines.",False,,,https://openxla.org/xla/operation_semantics#not,Current official XLA op section. TAIDL paper states XLA-HLO supports 120+ ops: https://act-compiler.github.io/assets/pdf/taidl-micro25.pdf
PopulationCount,Computes the number of bits set in each element of operand .,special_math,Elementwise nonlinear or transcendental math operations.,"Often executed on SFUs, LUT/CORDIC blocks, or specialized vector math pipelines.",False,,,https://openxla.org/xla/operation_semantics#populationcount,Current official XLA op section. TAIDL paper states XLA-HLO supports 120+ ops: https://act-compiler.github.io/assets/pdf/taidl-micro25.pdf
Real,"Element-wise real part of a complex (or real) shape. x -> real(x) . If the operand is a floating point type, Real returns the same value.",special_math,Elementwise nonlinear or transcendental math operations.,"Often executed on SFUs, LUT/CORDIC blocks, or specialized vector math pipelines.",False,,,https://openxla.org/xla/operation_semantics#real,Current official XLA op section. TAIDL paper states XLA-HLO supports 120+ ops: https://act-compiler.github.io/assets/pdf/taidl-micro25.pdf
Round,"Element-wise rounding, ties away from zero.",special_math,Elementwise nonlinear or transcendental math operations.,"Often executed on SFUs, LUT/CORDIC blocks, or specialized vector math pipelines.",False,,,https://openxla.org/xla/operation_semantics#round,Current official XLA op section. TAIDL paper states XLA-HLO supports 120+ ops: https://act-compiler.github.io/assets/pdf/taidl-micro25.pdf
Rsqrt,Element-wise reciprocal of square root operation x -> 1.0 / sqrt(x) .,special_math,Elementwise nonlinear or transcendental math operations.,"Often executed on SFUs, LUT/CORDIC blocks, or specialized vector math pipelines.",False,,,https://openxla.org/xla/operation_semantics#rsqrt,Current official XLA op section. TAIDL paper states XLA-HLO supports 120+ ops: https://act-compiler.github.io/assets/pdf/taidl-micro25.pdf
Sign,Sign(operand) Element-wise sign operation x -> sgn(x) where,special_math,Elementwise nonlinear or transcendental math operations.,"Often executed on SFUs, LUT/CORDIC blocks, or specialized vector math pipelines.",False,,,https://openxla.org/xla/operation_semantics#sign,Current official XLA op section. TAIDL paper states XLA-HLO supports 120+ ops: https://act-compiler.github.io/assets/pdf/taidl-micro25.pdf
Sin,Sin(operand) Element-wise sine x -> sin(x) .,special_math,Elementwise nonlinear or transcendental math operations.,"Often executed on SFUs, LUT/CORDIC blocks, or specialized vector math pipelines.",False,,,https://openxla.org/xla/operation_semantics#sin,Current official XLA op section. TAIDL paper states XLA-HLO supports 120+ ops: https://act-compiler.github.io/assets/pdf/taidl-micro25.pdf
Sqrt,Element-wise square root operation x -> sqrt(x) .,special_math,Elementwise nonlinear or transcendental math operations.,"Often executed on SFUs, LUT/CORDIC blocks, or specialized vector math pipelines.",False,,,https://openxla.org/xla/operation_semantics#sqrt,Current official XLA op section. TAIDL paper states XLA-HLO supports 120+ ops: https://act-compiler.github.io/assets/pdf/taidl-micro25.pdf
Tan,Element-wise tangent x -> tan(x) .,special_math,Elementwise nonlinear or transcendental math operations.,"Often executed on SFUs, LUT/CORDIC blocks, or specialized vector math pipelines.",False,,,https://openxla.org/xla/operation_semantics#tan,Current official XLA op section. TAIDL paper states XLA-HLO supports 120+ ops: https://act-compiler.github.io/assets/pdf/taidl-micro25.pdf
Tanh,Element-wise hyperbolic tangent x -> tanh(x) .,special_math,Elementwise nonlinear or transcendental math operations.,"Often executed on SFUs, LUT/CORDIC blocks, or specialized vector math pipelines.",False,,,https://openxla.org/xla/operation_semantics#tanh,Current official XLA op section. TAIDL paper states XLA-HLO supports 120+ ops: https://act-compiler.github.io/assets/pdf/taidl-micro25.pdf
BatchNormGrad,Calculates gradients of batch norm.,specialized_compute,"Domain-specific kernels like batch norm, FFT, or triangular solve that may require dedicated decomposition or specialized units.",Often hybrid: may decompose into vector/tensor primitives or target dedicated IP.,False,,,https://openxla.org/xla/operation_semantics#batchnormgrad,Current official XLA op section. TAIDL paper states XLA-HLO supports 120+ ops: https://act-compiler.github.io/assets/pdf/taidl-micro25.pdf
BatchNormInference,Normalizes an array across batch and spatial dimensions.,specialized_compute,"Domain-specific kernels like batch norm, FFT, or triangular solve that may require dedicated decomposition or specialized units.",Often hybrid: may decompose into vector/tensor primitives or target dedicated IP.,False,,,https://openxla.org/xla/operation_semantics#batchnorminference,Current official XLA op section. TAIDL paper states XLA-HLO supports 120+ ops: https://act-compiler.github.io/assets/pdf/taidl-micro25.pdf
BatchNormTraining,Normalizes an array across batch and spatial dimensions.,specialized_compute,"Domain-specific kernels like batch norm, FFT, or triangular solve that may require dedicated decomposition or specialized units.",Often hybrid: may decompose into vector/tensor primitives or target dedicated IP.,False,,,https://openxla.org/xla/operation_semantics#batchnormtraining,Current official XLA op section. TAIDL paper states XLA-HLO supports 120+ ops: https://act-compiler.github.io/assets/pdf/taidl-micro25.pdf
Cholesky,Computes the Cholesky decomposition of a batch of symmetric (Hermitian) positive definite matrices.,specialized_compute,"Domain-specific kernels like batch norm, FFT, or triangular solve that may require dedicated decomposition or specialized units.",Often hybrid: may decompose into vector/tensor primitives or target dedicated IP.,False,,,https://openxla.org/xla/operation_semantics#cholesky,Current official XLA op section. TAIDL paper states XLA-HLO supports 120+ ops: https://act-compiler.github.io/assets/pdf/taidl-micro25.pdf
Fft,The XLA FFT operation implements the forward and inverse Fourier Transforms for real and complex inputs/outputs. Multidimensional FFTs on up to 3 axes are supported.,specialized_compute,"Domain-specific kernels like batch norm, FFT, or triangular solve that may require dedicated decomposition or specialized units.",Often hybrid: may decompose into vector/tensor primitives or target dedicated IP.,False,,,https://openxla.org/xla/operation_semantics#fft,Current official XLA op section. TAIDL paper states XLA-HLO supports 120+ ops: https://act-compiler.github.io/assets/pdf/taidl-micro25.pdf
TriangularSolve,"Solves systems of linear equations with lower or upper triangular coefficient matrices by forward- or back-substitution. Broadcasting along leading dimensions, this routine solves one of the matrix systems op(a) * x = b , or x * op(a) = b , for the variable x , given a and b , where op(a) is either op(a) = a , or op(a) = Transpose(a) , or op(a) = Conj(Transpose(a)) .",specialized_compute,"Domain-specific kernels like batch norm, FFT, or triangular solve that may require dedicated decomposition or specialized units.",Often hybrid: may decompose into vector/tensor primitives or target dedicated IP.,False,,,https://openxla.org/xla/operation_semantics#triangularsolve,Current official XLA op section. TAIDL paper states XLA-HLO supports 120+ ops: https://act-compiler.github.io/assets/pdf/taidl-micro25.pdf
Conv (Convolution),"Computes a convolution of the kind used in neural networks. Here, a convolution can be thought of as a n-dimensional window moving across a n-dimensional base area and a computation is performed for each possible position of the window.",tensor_compute,High-arithmetic-intensity tensor algebra such as matrix multiplication and convolution.,"Best matched to matrix engines, systolic arrays, tensor cores, or other MAC-dense compute blocks.",False,,,https://openxla.org/xla/operation_semantics#conv_convolution,Current official XLA op section. TAIDL paper states XLA-HLO supports 120+ ops: https://act-compiler.github.io/assets/pdf/taidl-micro25.pdf
Dot,The exact semantics of this operation depend on the ranks of the operands:,tensor_compute,High-arithmetic-intensity tensor algebra such as matrix multiplication and convolution.,"Best matched to matrix engines, systolic arrays, tensor cores, or other MAC-dense compute blocks.",True,dot,standard_xla,https://openxla.org/xla/operation_semantics#dot,Current official XLA op section. TAIDL paper states XLA-HLO supports 120+ ops: https://act-compiler.github.io/assets/pdf/taidl-micro25.pdf
GetTupleElement,Indexes into a tuple with a compile-time-constant value.,tuple_structural,IR-structural tuple packing/unpacking rather than real tensor math.,"Mostly runtime/compiler structure, often not a direct compute primitive.",False,,,https://openxla.org/xla/operation_semantics#gettupleelement,Current official XLA op section. TAIDL paper states XLA-HLO supports 120+ ops: https://act-compiler.github.io/assets/pdf/taidl-micro25.pdf
Tuple,"A tuple containing a variable number of data handles, each of which has its own shape.",tuple_structural,IR-structural tuple packing/unpacking rather than real tensor math.,"Mostly runtime/compiler structure, often not a direct compute primitive.",False,,,https://openxla.org/xla/operation_semantics#tuple,Current official XLA op section. TAIDL paper states XLA-HLO supports 120+ ops: https://act-compiler.github.io/assets/pdf/taidl-micro25.pdf
Add,Performs element-wise addition of lhs and rhs .,vector_compute,Regular elementwise arithmetic and logic across tensor lanes.,Maps naturally to SIMD/vector ALUs with lane-wise execution.,True,add,standard_xla,https://openxla.org/xla/operation_semantics#add,Current official XLA op section. TAIDL paper states XLA-HLO supports 120+ ops: https://act-compiler.github.io/assets/pdf/taidl-micro25.pdf
And,Performs element-wise AND of two tensors lhs and rhs .,vector_compute,Regular elementwise arithmetic and logic across tensor lanes.,Maps naturally to SIMD/vector ALUs with lane-wise execution.,False,,,https://openxla.org/xla/operation_semantics#and,Current official XLA op section. TAIDL paper states XLA-HLO supports 120+ ops: https://act-compiler.github.io/assets/pdf/taidl-micro25.pdf
Atan2,Performs element-wise atan2 operation on lhs and rhs .,vector_compute,Regular elementwise arithmetic and logic across tensor lanes.,Maps naturally to SIMD/vector ALUs with lane-wise execution.,False,,,https://openxla.org/xla/operation_semantics#atan2,Current official XLA op section. TAIDL paper states XLA-HLO supports 120+ ops: https://act-compiler.github.io/assets/pdf/taidl-micro25.pdf
Complex,"Performs element-wise conversion to a complex value from a pair of real and imaginary values, lhs and rhs .",vector_compute,Regular elementwise arithmetic and logic across tensor lanes.,Maps naturally to SIMD/vector ALUs with lane-wise execution.,False,,,https://openxla.org/xla/operation_semantics#complex,Current official XLA op section. TAIDL paper states XLA-HLO supports 120+ ops: https://act-compiler.github.io/assets/pdf/taidl-micro25.pdf
Div,Performs element-wise division of dividend lhs and divisor rhs .,vector_compute,Regular elementwise arithmetic and logic across tensor lanes.,Maps naturally to SIMD/vector ALUs with lane-wise execution.,True,divide,standard_xla,https://openxla.org/xla/operation_semantics#div,Current official XLA op section. TAIDL paper states XLA-HLO supports 120+ ops: https://act-compiler.github.io/assets/pdf/taidl-micro25.pdf
Max,Performs element-wise max operation on tensors lhs and rhs .,vector_compute,Regular elementwise arithmetic and logic across tensor lanes.,Maps naturally to SIMD/vector ALUs with lane-wise execution.,True,maximum,standard_xla,https://openxla.org/xla/operation_semantics#max,Current official XLA op section. TAIDL paper states XLA-HLO supports 120+ ops: https://act-compiler.github.io/assets/pdf/taidl-micro25.pdf
Min,Performs element-wise min operation on lhs and rhs .,vector_compute,Regular elementwise arithmetic and logic across tensor lanes.,Maps naturally to SIMD/vector ALUs with lane-wise execution.,True,minimum,standard_xla,https://openxla.org/xla/operation_semantics#min,Current official XLA op section. TAIDL paper states XLA-HLO supports 120+ ops: https://act-compiler.github.io/assets/pdf/taidl-micro25.pdf
Mul,Performs element-wise product of lhs and rhs .,vector_compute,Regular elementwise arithmetic and logic across tensor lanes.,Maps naturally to SIMD/vector ALUs with lane-wise execution.,True,multiply,standard_xla,https://openxla.org/xla/operation_semantics#mul,Current official XLA op section. TAIDL paper states XLA-HLO supports 120+ ops: https://act-compiler.github.io/assets/pdf/taidl-micro25.pdf
Or,Performs element-wise OR of lhs and rhs .,vector_compute,Regular elementwise arithmetic and logic across tensor lanes.,Maps naturally to SIMD/vector ALUs with lane-wise execution.,False,,,https://openxla.org/xla/operation_semantics#or,Current official XLA op section. TAIDL paper states XLA-HLO supports 120+ ops: https://act-compiler.github.io/assets/pdf/taidl-micro25.pdf
Pow,Performs element-wise exponentiation of lhs by rhs .,vector_compute,Regular elementwise arithmetic and logic across tensor lanes.,Maps naturally to SIMD/vector ALUs with lane-wise execution.,False,,,https://openxla.org/xla/operation_semantics#pow,Current official XLA op section. TAIDL paper states XLA-HLO supports 120+ ops: https://act-compiler.github.io/assets/pdf/taidl-micro25.pdf
Rem,Performs element-wise remainder of dividend lhs and divisor rhs .,vector_compute,Regular elementwise arithmetic and logic across tensor lanes.,Maps naturally to SIMD/vector ALUs with lane-wise execution.,False,,,https://openxla.org/xla/operation_semantics#rem,Current official XLA op section. TAIDL paper states XLA-HLO supports 120+ ops: https://act-compiler.github.io/assets/pdf/taidl-micro25.pdf
ShiftLeft,Performs element-wise left-shift operation on lhs by rhs number of bits.,vector_compute,Regular elementwise arithmetic and logic across tensor lanes.,Maps naturally to SIMD/vector ALUs with lane-wise execution.,False,,,https://openxla.org/xla/operation_semantics#shiftleft,Current official XLA op section. TAIDL paper states XLA-HLO supports 120+ ops: https://act-compiler.github.io/assets/pdf/taidl-micro25.pdf
ShiftRightArithmetic,Performs element-wise arithmetic right-shift operation on lhs by rhs number of bits.,vector_compute,Regular elementwise arithmetic and logic across tensor lanes.,Maps naturally to SIMD/vector ALUs with lane-wise execution.,False,,,https://openxla.org/xla/operation_semantics#shiftrightarithmetic,Current official XLA op section. TAIDL paper states XLA-HLO supports 120+ ops: https://act-compiler.github.io/assets/pdf/taidl-micro25.pdf
ShiftRightLogical,Performs element-wise logical right-shift operation on lhs by rhs number of bits.,vector_compute,Regular elementwise arithmetic and logic across tensor lanes.,Maps naturally to SIMD/vector ALUs with lane-wise execution.,False,,,https://openxla.org/xla/operation_semantics#shiftrightlogical,Current official XLA op section. TAIDL paper states XLA-HLO supports 120+ ops: https://act-compiler.github.io/assets/pdf/taidl-micro25.pdf
Sub,Performs element-wise subtraction of lhs and rhs .,vector_compute,Regular elementwise arithmetic and logic across tensor lanes.,Maps naturally to SIMD/vector ALUs with lane-wise execution.,True,subtract,standard_xla,https://openxla.org/xla/operation_semantics#sub,Current official XLA op section. TAIDL paper states XLA-HLO supports 120+ ops: https://act-compiler.github.io/assets/pdf/taidl-micro25.pdf
Xor,Performs element-wise XOR of lhs and rhs .,vector_compute,Regular elementwise arithmetic and logic across tensor lanes.,Maps naturally to SIMD/vector ALUs with lane-wise execution.,True,xor,standard_xla,https://openxla.org/xla/operation_semantics#xor,Current official XLA op section. TAIDL paper states XLA-HLO supports 120+ ops: https://act-compiler.github.io/assets/pdf/taidl-micro25.pdf
